Owner Gaia Id,Item Id,Conference Id,Item Type,Meeting Code,Event Id,Thread Id,Inbox Id,Call Direction,Start Time,End Time,Duration,Direct Call Result,Participation State,Call Counterparts,Meeting Media Type
428884374368,2a76b1b1-54b9-48d8-b119-5ec02b27c97d,GtyPKxaT1R6WkBQNxoxhDxIWOA8MCwMyBwiKAiAAGAQI,meet:meeting,vgv-wiwo-abg,,thread_2a76b1b1-54b9-48d8-b119-5ec02b27c97d,meet,,2025-03-26 08:00:29 UTC,2025-03-26 08:00:49 UTC,0:00:19,,,,
428884374368,1ead6791-dfff-4143-948d-33369c8ee37e,2WXQAbL3AhtC_H-UOkKTDxIWOA8MCwMyBwiKAiAAGAQI,meet:meeting,vgv-wiwo-abg,,thread_1ead6791-dfff-4143-948d-33369c8ee37e,meet,,2025-03-26 07:03:51 UTC,2025-03-26 08:00:14 UTC,0:56:22,,,,
428884374368,8ddb405c-66e2-4bc2-981b-2c931d810670,7dU7ng450nHPG_aGwlyyDxIQOA8MCwMyBwiKAiAAGAQI,meet:meeting,gbg-acmq-pex,,thread_8ddb405c-66e2-4bc2-981b-2c931d810670,meet,,2025-03-26 05:01:03 UTC,2025-03-26 06:00:22 UTC,0:59:18,,,,
428884374368,eba4efa7-74a8-41d6-9b23-7f788cc0c41b,RuyhYD1tceIPmNWf3OK2DxIQOA8MCwMyBwiKAiAAGAQI,meet:meeting,gbg-acmq-pex,,thread_eba4efa7-74a8-41d6-9b23-7f788cc0c41b,meet,,2025-03-19 05:00:35 UTC,2025-03-19 05:59:50 UTC,0:59:15,,,,
428884374368,b2f48ec3-c848-417f-8027-7bbc75881909,A2VbmwNU25NCZVJ6Fiq6DxIXOA8MCwMyBwiKAiAAGAQI,meet:meeting,xwj-fbsq-nvh,,thread_b2f48ec3-c848-417f-8027-7bbc75881909,meet,,2025-03-13 04:13:54 UTC,2025-03-13 04:50:47 UTC,0:30:26,,,,
428884374368,782e9b46-5628-4c5d-bd10-bc768cdc0a2b,x_Jh35UBeNLrBwRMJgxaDxIQOA8MCwMyBwiKAiAAGAQI,meet:meeting,gbg-acmq-pex,,thread_782e9b46-5628-4c5d-bd10-bc768cdc0a2b,meet,,2025-03-12 05:00:33 UTC,2025-03-12 06:00:04 UTC,0:59:31,,,,
428884374368,838c1085-56d3-4201-bd34-cbed8914562e,fG6xjk6Jd3fnSJskO2ttDxIVOA8MCwMyBwiKAiAAGAQI,meet:meeting,geg-ymcf-tdj,,thread_838c1085-56d3-4201-bd34-cbed8914562e,meet,,2025-03-10 05:01:56 UTC,2025-03-10 05:50:24 UTC,0:48:27,,,,
428884374368,65c475b0-1810-4a78-9ca0-ba6ede91c0cb,3FOc-lMNCTsYjYnMJUG4DxITOA8MCwMyBwiKAiAAGAQI,meet:meeting,chg-feqq-umy,,thread_65c475b0-1810-4a78-9ca0-ba6ede91c0cb,meet,,2025-03-05 08:40:08 UTC,2025-03-05 08:40:18 UTC,0:00:10,,,,
428884374368,2f11489d-37b0-4566-9d72-85808456bec7,QqBrwlAFDUSltwWDt8uADxITOA8MCwMyBwiKAiAAGAQI,meet:meeting,chg-feqq-umy,,thread_2f11489d-37b0-4566-9d72-85808456bec7,meet,,2025-03-05 08:19:39 UTC,2025-03-05 08:39:47 UTC,0:20:07,,,,
428884374368,2d263389-31d7-4afc-a30e-7cecbb29b962,xA1LbrglOneACMYPWVbiDxITOA8MCwMyBwiKAiAAGAQI,meet:meeting,gmj-hvoj-bwy,,thread_2d263389-31d7-4afc-a30e-7cecbb29b962,meet,,2025-03-05 08:19:15 UTC,2025-03-05 08:19:31 UTC,0:00:16,,,,
428884374368,c8362242-47f8-405d-a8d2-0884be7e8036,iY44SGTQ-f69ILq9CeoGDxIQOA8MCwMyBwiKAiAAGAQI,meet:meeting,gbg-acmq-pex,,thread_c8362242-47f8-405d-a8d2-0884be7e8036,meet,,2025-03-05 05:01:58 UTC,2025-03-05 05:57:36 UTC,0:55:37,,,,
428884374368,f71b8fca-ab1d-4e69-a136-66b8e96b4c84,eOVRhXUrAUZ-JVvZXScqDxIVOA8MCwMyBwiKAiAAGAQI,meet:meeting,geg-ymcf-tdj,,thread_f71b8fca-ab1d-4e69-a136-66b8e96b4c84,meet,,2025-03-03 05:01:10 UTC,2025-03-03 05:18:52 UTC,0:17:41,,,,
428884374368,25214fc0-a50f-4147-be5d-eaa481d4dda2,rgIOU-CG_325iRssOmQODxIROA8MCwMyBwiKAiAAGAQI,meet:meeting,cdx-iwux-prn,,thread_25214fc0-a50f-4147-be5d-eaa481d4dda2,meet,,2025-02-28 03:01:35 UTC,2025-02-28 04:02:21 UTC,1:00:45,,,,
428884374368,951f0571-5f09-47e0-8768-ab158742bc07,IAsPjR8xNIsXG_vr98lFDxIQOA8MCwMyBwiKAiAAGAQI,meet:meeting,gbg-acmq-pex,,thread_951f0571-5f09-47e0-8768-ab158742bc07,meet,,2025-02-26 05:00:40 UTC,2025-02-26 06:00:30 UTC,0:59:50,,,,
428884374368,629c493d-499a-478c-985f-9c0ef4dc80a9,B9DJVOStHpAHVno2OiovDxIQOAwLAjIGCIoCIAAYBAg,meet:meeting,gbg-acmq-pex,,thread_629c493d-499a-478c-985f-9c0ef4dc80a9,meet,,2025-02-19 05:02:51 UTC,2025-02-19 05:58:19 UTC,0:55:28,,,,
428884374368,5829c969-7d48-4ce1-a84d-05a064f3aa35,0inPVrClOGR8V73CaPLzDxIVOAwLAjIGCIoCIAAYBAg,meet:meeting,ify-gite-iti,,thread_5829c969-7d48-4ce1-a84d-05a064f3aa35,meet,,2025-02-18 06:01:07 UTC,2025-02-18 06:55:02 UTC,0:53:55,,,,
428884374368,4805f45b-0a68-4f63-8b04-7939cc747990,BiHWj8Rh3cpwOeMl1Y-LDxIVOAwLAjIGCIoCIAAYBAg,meet:meeting,vfo-bezh-kph,,thread_4805f45b-0a68-4f63-8b04-7939cc747990,meet,,2025-02-18 04:16:15 UTC,2025-02-18 05:00:52 UTC,0:44:36,,,,
428884374368,afbf6c4d-e349-42a9-b579-2611d83da313,MVk-QQD0QnqoD_VcpidrDxITOAwLAjIGCIoCIAAYBAg,meet:meeting,nmx-ewge-bje,,thread_afbf6c4d-e349-42a9-b579-2611d83da313,meet,,2025-02-17 07:01:10 UTC,2025-02-17 07:57:15 UTC,0:56:05,,,,
428884374368,9839edc3-6010-4c03-ad0c-0b958013f3fe,Ujt-uDMUOUZOeKn7ih9dDxIVOAwLAjIGCIoCIAAYBAg,meet:meeting,geg-ymcf-tdj,,thread_9839edc3-6010-4c03-ad0c-0b958013f3fe,meet,,2025-02-17 05:01:48 UTC,2025-02-17 05:26:39 UTC,0:24:50,,,,
428884374368,c6bd524f-7673-4c31-8c02-0eb40bf702de,ZZEgN_KIMv9O15eLG4lzDxIWOAwLAjIGCIoCIAAYBAg,meet:meeting,fxe-avnz-noh,,thread_c6bd524f-7673-4c31-8c02-0eb40bf702de,meet,,2025-02-14 06:03:08 UTC,2025-02-14 06:29:31 UTC,0:26:23,,,,
428884374368,4be8ff0d-2300-493e-99a7-970957ee89f5,cv1d9q0TqLjC3A-_ZfdZDxIQOAwLAjIGCIoCIAAYBAg,meet:meeting,gbg-acmq-pex,,thread_4be8ff0d-2300-493e-99a7-970957ee89f5,meet,,2025-02-12 07:01:23 UTC,2025-02-12 07:59:47 UTC,0:58:24,,,,
428884374368,32cbbc99-655e-4d33-93fe-7462ebdc2219,tVQDFXah1zZ-mmmJLS3dDxIUOAwLAjIGCIoCIAAYBAg,meet:meeting,bee-qqyn-eud,,thread_32cbbc99-655e-4d33-93fe-7462ebdc2219,meet,,2025-02-12 03:36:15 UTC,2025-02-12 03:57:06 UTC,0:20:50,,,,
428884374368,12351997-a54e-438f-b7e1-0607045e96df,6LzNrt3Axm2mPT5JEMS-DxIVOAwLAjIGCIoCIAAYBAg,meet:meeting,geg-ymcf-tdj,,thread_12351997-a54e-438f-b7e1-0607045e96df,meet,,2025-02-10 05:00:50 UTC,2025-02-10 05:27:52 UTC,0:27:02,,,,
428884374368,0dfa6ef5-62aa-4869-a02a-a93f8cecb026,xXrAj7j_Fb1pgYw7uUsMDxIQOAwLAjIGCIoCIAAYBAg,meet:meeting,gbg-acmq-pex,,thread_0dfa6ef5-62aa-4869-a02a-a93f8cecb026,meet,,2025-02-05 05:04:55 UTC,2025-02-05 06:00:49 UTC,0:55:54,,,,
428884374368,aa323edb-afd9-467c-9ef0-51db7e3f5935,2m5WV3G80mj6LuvcJlILDxIVOAwLAjIGCIoCIAAYBAg,meet:meeting,geg-ymcf-tdj,,thread_aa323edb-afd9-467c-9ef0-51db7e3f5935,meet,,2025-02-03 05:01:30 UTC,2025-02-03 05:22:49 UTC,0:21:18,,,,
428884374368,8aa543a0-488a-4306-9a3d-133da40baebd,Ix6Z2-B1JrMaS3Ll90BQDxIQOAsBMgUIigIgABgECA,meet:meeting,gbg-acmq-pex,,thread_8aa543a0-488a-4306-9a3d-133da40baebd,meet,,2025-01-29 05:01:38 UTC,2025-01-29 06:00:30 UTC,0:58:51,,,,
428884374368,6712a44e-ee0f-405d-90c8-3d3e55e2d708,EldBbRec2ca3a3HCV5ERDxIVOAsBMgUIigIgABgECA,meet:meeting,geg-ymcf-tdj,,thread_6712a44e-ee0f-405d-90c8-3d3e55e2d708,meet,,2025-01-27 05:01:05 UTC,2025-01-27 05:57:14 UTC,0:56:03,,,,
428884374368,d1ed8081-96ff-467c-9d78-f7f739614ac4,G956YYe7wCH-kz3_GiEqDxIVOAsBMgUIigIgABgECA,meet:meeting,pgp-gbgm-gux,,thread_d1ed8081-96ff-467c-9d78-f7f739614ac4,meet,,2025-01-27 03:04:42 UTC,2025-01-27 03:05:19 UTC,0:00:36,,,,
428884374368,b24714dc-136d-4db0-be90-97a10df4fca1,98W6iY0c8A7EymqBjdhkDxIQOAsBMgUIigIgABgECA,meet:meeting,gbg-acmq-pex,,thread_b24714dc-136d-4db0-be90-97a10df4fca1,meet,,2025-01-22 05:00:45 UTC,2025-01-22 06:01:25 UTC,1:00:39,,,,
428884374368,01f21083-b55a-44eb-8d27-1c44ed13a7b0,VyyNBWcSyPgn_yClfQNADxIQOAsBMgUIigIgABgECA,meet:meeting,gbg-acmq-pex,,thread_01f21083-b55a-44eb-8d27-1c44ed13a7b0,meet,,2025-01-15 05:01:26 UTC,2025-01-15 05:59:43 UTC,0:58:17,,,,
428884374368,a13957a5-7529-4bb0-9a32-4fbd14ef01ca,4_1vLNW93UCwkjB6ILJ6DxIWOAsBMgUIigIgABgECA,meet:meeting,hsw-nzrn-sak,,thread_a13957a5-7529-4bb0-9a32-4fbd14ef01ca,meet,,2025-01-09 06:59:36 UTC,2025-01-09 07:46:07 UTC,0:46:31,,,,
428884374368,cdbf3ebc-ec9b-40da-ba39-6c2f3cd04457,OOXP41viD6YYGTDCvLz1DxIQOAsBMgUIigIgABgECA,meet:meeting,gbg-acmq-pex,,thread_cdbf3ebc-ec9b-40da-ba39-6c2f3cd04457,meet,,2025-01-08 05:01:24 UTC,2025-01-08 05:47:59 UTC,0:46:34,,,,
428884374368,97e9d6ed-d668-4da7-bb68-9fb8351688a4,2Qaby9nI_OEp-C993_E7DxIVOAsBMgUIigIgABgECA,meet:meeting,geg-ymcf-tdj,,thread_97e9d6ed-d668-4da7-bb68-9fb8351688a4,meet,,2025-01-06 05:01:26 UTC,2025-01-06 05:40:32 UTC,0:39:06,,,,
428884374368,c0800d46-4fc4-426b-8a17-b7229133c859,iW66Up7Ie8al30TF9x-kDxIWOAsBMgUIigIgABgECA,meet:meeting,hsw-nzrn-sak,,thread_c0800d46-4fc4-426b-8a17-b7229133c859,meet,,2024-12-26 07:01:05 UTC,2024-12-26 07:58:55 UTC,0:57:49,,,,
428884374368,0fe50139-6637-4bf3-a42f-4f8a80bcca5a,p6MbvXmsOeKZukQxbGaHDxIQOAsBMgUIigIgABgECA,meet:meeting,gdj-qzky-mqn,,thread_0fe50139-6637-4bf3-a42f-4f8a80bcca5a,meet,,2024-12-26 05:00:20 UTC,2024-12-26 05:01:20 UTC,0:00:54,,,,
428884374368,e71b7b8d-69e8-4a6b-9e74-8d9b360ff895,I-1Ir6YPflXm8y61Qr5PDxIQOAsBMgUIigIgABgECA,meet:meeting,gbg-acmq-pex,,thread_e71b7b8d-69e8-4a6b-9e74-8d9b360ff895,meet,,2024-12-25 05:01:36 UTC,2024-12-25 05:59:46 UTC,0:58:09,,,,
428884374368,8015c640-1243-4867-a36f-8ba7103ea58d,bxswO9o38bCW1xXg2vxXDxIVOAsBMgUIigIgABgECA,meet:meeting,geg-ymcf-tdj,,thread_8015c640-1243-4867-a36f-8ba7103ea58d,meet,,2024-12-23 05:00:45 UTC,2024-12-23 05:21:23 UTC,0:20:38,,,,
428884374368,d8360d38-db82-4c79-9bb4-8fedbf52e622,VEvAcHCLNqPaiLejWrFNDxIQOAsBMgUIigIgABgECA,meet:meeting,gbg-acmq-pex,,thread_d8360d38-db82-4c79-9bb4-8fedbf52e622,meet,,2024-12-18 05:04:25 UTC,2024-12-18 05:59:22 UTC,0:54:57,,,,
428884374368,ee7e95a1-346a-4e93-b7a5-e3faa7ee3f21,uOvvpWL_1NWPYUo3DipsDxIVOAsBMgUIigIgABgECA,meet:meeting,geg-ymcf-tdj,,thread_ee7e95a1-346a-4e93-b7a5-e3faa7ee3f21,meet,,2024-12-16 05:00:57 UTC,2024-12-16 05:26:20 UTC,0:25:22,,,,
428884374368,00987217-83b8-4ffc-b3e5-a259061590ad,dp5aH6nFGZbk6flacJucDxIWOAsBMgUIigIgABgECA,meet:meeting,hsw-nzrn-sak,,thread_00987217-83b8-4ffc-b3e5-a259061590ad,meet,,2024-12-11 06:01:04 UTC,2024-12-11 06:59:21 UTC,0:58:16,,,,
428884374368,fc2e2640-9eff-463b-855e-b9d262cc4648,2-0iZGDvKtz7g49CqIvgDxIQOAsBMgUIigIgABgECA,meet:meeting,gbg-acmq-pex,,thread_fc2e2640-9eff-463b-855e-b9d262cc4648,meet,,2024-12-11 05:01:07 UTC,2024-12-11 06:00:19 UTC,0:59:11,,,,
428884374368,9aaf4928-277c-487f-8afe-e8b663f4678b,ePVPKfvCnsWHW372qnxfDxIVOAsBMgUIigIgABgECA,meet:meeting,geg-ymcf-tdj,,thread_9aaf4928-277c-487f-8afe-e8b663f4678b,meet,,2024-12-09 05:00:34 UTC,2024-12-09 05:40:54 UTC,0:40:20,,,,
428884374368,83a72815-1c30-4caa-ba62-a2614dc2eb91,zeF_Lbcn3YIlhaL_xW-ODxIQOAsBMgUIigIgABgECA,meet:meeting,jqd-axpq-whv,,thread_83a72815-1c30-4caa-ba62-a2614dc2eb91,meet,,2024-12-06 03:02:36 UTC,2024-12-06 04:02:45 UTC,1:00:09,,,,
428884374368,e0f332e4-1b89-4646-b91e-71e97c0ca29a,MCoILBTf5_i5KBw8l8uMDxIWOAsBMgUIigIgABgECA,meet:meeting,hsw-nzrn-sak,,thread_e0f332e4-1b89-4646-b91e-71e97c0ca29a,meet,,2024-12-04 06:01:13 UTC,2024-12-04 06:58:56 UTC,0:57:42,,,,
428884374368,d235ecfe-14bf-41e9-8578-999356b3c4f9,xp2neC2jYNgDcmTulPWjDxIQOAsBMgUIigIgABgECA,meet:meeting,gbg-acmq-pex,,thread_d235ecfe-14bf-41e9-8578-999356b3c4f9,meet,,2024-12-04 05:04:10 UTC,2024-12-04 06:00:45 UTC,0:56:34,,,,
428884374368,16a804ac-e42d-4008-b922-bc54bfca3a01,E6kNBQO5Il9Oaqi8XEqdDxITOAsBMgUIigIgABgECA,meet:meeting,acv-qzjb-gdn,,thread_16a804ac-e42d-4008-b922-bc54bfca3a01,meet,,2024-12-03 05:01:22 UTC,2024-12-03 05:30:04 UTC,0:28:41,,,,
428884374368,8369cb6a-fcd8-47ea-af0c-738f627e950c,LrP3lpxhZXG4GxhRac_LDxIVOAsBMgUIigIgABgECA,meet:meeting,geg-ymcf-tdj,,thread_8369cb6a-fcd8-47ea-af0c-738f627e950c,meet,,2024-12-02 05:00:28 UTC,2024-12-02 06:01:33 UTC,1:01:04,,,,
428884374368,e86037e8-e6c3-4ffa-84dd-824ee7fb041f,pr7_REecsBt77R0McE4PDxIVOAsBMgUIigIgABgECA,meet:meeting,ram-aaan-sxk,,thread_e86037e8-e6c3-4ffa-84dd-824ee7fb041f,meet,,2024-11-29 04:01:45 UTC,2024-11-29 04:55:39 UTC,0:53:54,,,,
428884374368,d475b049-04fa-450b-a0b6-c0de3cee94b3,h-zwG1pIvgtc9KRst4-3DxIWOAsBMgUIigIgABgECA,meet:meeting,hsw-nzrn-sak,,thread_d475b049-04fa-450b-a0b6-c0de3cee94b3,meet,,2024-11-28 07:02:06 UTC,2024-11-28 07:45:21 UTC,0:43:15,,,,
428884374368,12e04a62-75b7-4579-a536-26f1f2d6df84,g9sAPoZm6E8LVupaDQGkDxIQOAsBMgUIigIgABgECA,meet:meeting,gbg-acmq-pex,,thread_12e04a62-75b7-4579-a536-26f1f2d6df84,meet,,2024-11-27 05:01:08 UTC,2024-11-27 05:59:28 UTC,0:58:19,,,,
428884374368,494aaa8d-e5fd-4262-9d30-b573c44a4ad0,QzZnZk0G1onV-CXHSC8bDxIVOAsBMgUIigIgABgECA,meet:meeting,geg-ymcf-tdj,,thread_494aaa8d-e5fd-4262-9d30-b573c44a4ad0,meet,,2024-11-25 05:01:12 UTC,2024-11-25 05:59:21 UTC,0:58:09,,,,
428884374368,bb9e0ee2-8449-476f-9594-01c713418a3d,p7sTmVPbLp9xt0-dmAGtDxIWOAIIigIgABgECA,meet:meeting,hsw-nzrn-sak,,thread_bb9e0ee2-8449-476f-9594-01c713418a3d,meet,,2024-11-21 07:00:49 UTC,2024-11-21 07:51:51 UTC,0:51:01,,,,
428884374368,0e8ee5b1-4309-431c-a656-d54bd528292b,ayrUy_VbYC4s61UeXsdaDxIQOAIIigIgABgECA,meet:meeting,gbg-acmq-pex,,thread_0e8ee5b1-4309-431c-a656-d54bd528292b,meet,,2024-11-20 05:00:29 UTC,2024-11-20 06:02:15 UTC,1:01:45,,,,
428884374368,d6b84fc3-4b11-4e88-9ac9-1b23494d3588,yswqPKCxOYfbQloba_hLDxIVOAIIigIgABgECA,meet:meeting,geg-ymcf-tdj,,thread_d6b84fc3-4b11-4e88-9ac9-1b23494d3588,meet,,2024-11-18 05:01:03 UTC,2024-11-18 05:29:51 UTC,0:28:47,,,,
428884374368,abda7d37-0bd0-4511-9c79-f3403d58d264,aKT5MNuaTMl-cvklH6PYDxIWOAIIigIgABgECA,meet:meeting,hsw-nzrn-sak,,thread_abda7d37-0bd0-4511-9c79-f3403d58d264,meet,,2024-11-14 06:59:25 UTC,2024-11-14 08:36:20 UTC,1:36:54,,,,
428884374368,d2796ad0-4d4e-4aa7-8b4f-24972fa01eb9,jq6Mz79ImbJzgDU7yTE4DxIQOAIIigIgABgECA,meet:meeting,gbg-acmq-pex,,thread_d2796ad0-4d4e-4aa7-8b4f-24972fa01eb9,meet,,2024-11-13 05:02:15 UTC,2024-11-13 06:00:31 UTC,0:58:16,,,,
428884374368,8647ef53-5bae-4698-b466-341f231ed4f2,yMM_QMD0asUbzdYj_UKdDxIVOAIIigIgABgECA,meet:meeting,geg-ymcf-tdj,,thread_8647ef53-5bae-4698-b466-341f231ed4f2,meet,,2024-11-11 05:00:37 UTC,2024-11-11 05:15:41 UTC,0:15:03,,,,
428884374368,98956936-0570-4253-a02a-1021495dbbc6,0V2b5zcHOfqUNT5EoGTFDxIWOAIIigIgABgECA,meet:meeting,hsw-nzrn-sak,,thread_98956936-0570-4253-a02a-1021495dbbc6,meet,,2024-11-08 05:01:34 UTC,2024-11-08 05:59:42 UTC,0:58:07,,,,
428884374368,171a55d6-6b93-4a92-9953-afc5c6818125,gU15sAp6pE25Sb-DCphmDxIQOAIIigIgABgECA,meet:meeting,gbg-acmq-pex,,thread_171a55d6-6b93-4a92-9953-afc5c6818125,meet,,2024-11-06 05:01:36 UTC,2024-11-06 06:02:25 UTC,1:00:48,,,,
428884374368,7e269282-13b0-4ee2-a53a-7cc63326609c,ruxKwGcgyB_aVajn95kYDxIWOAIIigIgABgECA,meet:meeting,hsw-nzrn-sak,,thread_7e269282-13b0-4ee2-a53a-7cc63326609c,meet,,2024-10-31 07:00:46 UTC,2024-10-31 07:56:04 UTC,0:55:17,,,,
428884374368,c54ace21-804d-4a21-9454-b5ac14303dc8,Cvvtl66jR6A8sLPYyF2fDxIVOAIIigIgABgECA,meet:meeting,geg-ymcf-tdj,,thread_c54ace21-804d-4a21-9454-b5ac14303dc8,meet,,2024-10-28 02:39:49 UTC,2024-10-28 03:00:39 UTC,0:20:50,,,,
428884374368,0a7ed848-8f30-4f43-8b6d-28bc5dbebf22,id_LYzphHiohRlEsuEKBDxIWOAIIigIgABgECA,meet:meeting,hsw-nzrn-sak,,thread_0a7ed848-8f30-4f43-8b6d-28bc5dbebf22,meet,,2024-10-24 07:01:43 UTC,2024-10-24 07:59:38 UTC,0:57:55,,,,
428884374368,5248e52b-54ae-47db-a049-05baf525af66,hRHLdpvKGrJBejPOMOQmDxIWOAIIigIgABgECA,meet:meeting,ude-ujnv-zgy,,thread_5248e52b-54ae-47db-a049-05baf525af66,meet,,2024-10-24 04:58:47 UTC,2024-10-24 05:59:57 UTC,1:01:09,,,,
428884374368,eea65dbf-61c8-49e2-9e0e-c18871ea39d0,AT8hFGkSReBQpkgl6q7sDxIVOAIIigIgABgECA,meet:meeting,uek-inbf-hre,,thread_eea65dbf-61c8-49e2-9e0e-c18871ea39d0,meet,,2024-10-24 02:31:50 UTC,2024-10-24 03:01:17 UTC,0:29:27,,,,
428884374368,707289a9-18f3-4222-81ce-38bcdef5ab3e,jxyFf06goJrc9sbimgLODxISOAIIigIgABgECA,meet:meeting,ryx-symm-syt,,thread_707289a9-18f3-4222-81ce-38bcdef5ab3e,meet,,2024-10-23 07:02:05 UTC,2024-10-23 07:43:42 UTC,0:41:36,,,,
428884374368,8b96cb37-f3e2-41f8-a2eb-8fe17811f66e,IkXFi8Ip5C6LRgNd0w-rDxIQOAIIigIgABgECA,meet:meeting,gbg-acmq-pex,,thread_8b96cb37-f3e2-41f8-a2eb-8fe17811f66e,meet,,2024-10-23 05:00:39 UTC,2024-10-23 05:59:30 UTC,0:58:50,,,,
428884374368,669242ea-9fb9-4acf-a670-64b0f3c1b293,vvwAUhm9DKmQWow31MDaDxIVOAIIigIgABgECA,meet:meeting,geg-ymcf-tdj,,thread_669242ea-9fb9-4acf-a670-64b0f3c1b293,meet,,2024-10-21 05:01:05 UTC,2024-10-21 05:47:39 UTC,0:46:34,,,,
428884374368,0e24ac7a-2db5-4121-b4d9-3dfeb6ff7ffb,RxkefVLKOcxP7jrh8GLYDxIWOAIIigIgABgECA,meet:meeting,hsw-nzrn-sak,,thread_0e24ac7a-2db5-4121-b4d9-3dfeb6ff7ffb,meet,,2024-10-17 07:01:36 UTC,2024-10-17 07:32:55 UTC,0:31:18,,,,
428884374368,154e1e17-32cc-4de1-b34a-c6326d902a64,V9VWveNdw0c5DayccpEcDxIVOAIIigIgABgECA,meet:meeting,vfm-zjjq-exw,,thread_154e1e17-32cc-4de1-b34a-c6326d902a64,meet,,2024-10-15 07:31:35 UTC,2024-10-15 08:01:49 UTC,0:30:13,,,,
428884374368,685a6728-7c0a-4b5e-9ae2-dd0ee0b018ae,GrkkF7rLZkHmUPDJImpwDxIWOAIIigIgABgECA,meet:meeting,hsw-nzrn-sak,,thread_685a6728-7c0a-4b5e-9ae2-dd0ee0b018ae,meet,,2024-10-10 07:01:39 UTC,2024-10-10 07:55:37 UTC,0:53:58,,,,
428884374368,d07835eb-1b7e-4fed-abfb-c264de0dbc3c,4vDqxO4VEl2IoCPD32rbDxIVOAIIigIgABgECA,meet:meeting,geg-ymcf-tdj,,thread_d07835eb-1b7e-4fed-abfb-c264de0dbc3c,meet,,2024-10-07 06:01:45 UTC,2024-10-07 06:55:46 UTC,0:54:00,,,,
428884374368,ffcc18f6-c442-40d8-8dc2-f61675753146,T9HiGgCYy6Rmv5ICGiLjDxIQOAIIigIgABgECA,meet:meeting,yts-drwo-wkw,,thread_ffcc18f6-c442-40d8-8dc2-f61675753146,meet,,2024-10-03 06:30:18 UTC,2024-10-03 07:30:24 UTC,1:00:06,,,,
428884374368,b0434e54-0a56-4894-9adf-321dfcb3adf3,JlxvezBeYf701eNdyMvKDxIUOAIIigIgABgECA,meet:meeting,gbg-acmq-pex,,thread_b0434e54-0a56-4894-9adf-321dfcb3adf3,meet,,2024-10-02 05:01:19 UTC,2024-10-02 05:58:55 UTC,0:57:35,,,,
428884374368,5cf33c5b-8e5f-43da-9aca-0629fa434bf3,SUizqNzdFKyT_Xqgv-o6DxIVOAIIigIgABgECA,meet:meeting,tzv-fyov-fkz,,thread_5cf33c5b-8e5f-43da-9aca-0629fa434bf3,meet,,2024-10-01 06:01:09 UTC,2024-10-01 07:00:43 UTC,0:59:34,,,,
428884374368,7210f3f9-8d04-47c7-bd45-0c7679ff6e3b,iNney73VrXaGqjuGJbUODxIVOAIIigIgABgECA,meet:meeting,nnf-zenv-hhb,,thread_7210f3f9-8d04-47c7-bd45-0c7679ff6e3b,meet,,2024-09-30 05:45:53 UTC,2024-09-30 05:56:13 UTC,0:10:20,,,,
428884374368,715f78d8-a639-4b42-ae5c-1148f6cccf5e,QMzn-QXvCWrVi-6lgUtoDxIVOAIIigIgABgECA,meet:meeting,geg-ymcf-tdj,,thread_715f78d8-a639-4b42-ae5c-1148f6cccf5e,meet,,2024-09-30 05:01:18 UTC,2024-09-30 06:02:27 UTC,0:50:42,,,,
428884374368,c364decc-fa08-48a9-aef9-f569f209a67d,qH6flKQts9MhxoPlCiLYDxIVOAIIigIgABgECA,meet:meeting,koq-vupd-mtn,,thread_c364decc-fa08-48a9-aef9-f569f209a67d,meet,,2024-09-27 06:11:28 UTC,2024-09-27 06:17:48 UTC,0:06:19,,,,
428884374368,2b162cb1-fd7b-4255-a418-27b5bacbeb73,_Q1qNkWshqND9n3N-37oDxIROAIIigIgABgECA,meet:meeting,uis-kuyh-ecn,,thread_2b162cb1-fd7b-4255-a418-27b5bacbeb73,meet,,2024-09-26 08:23:18 UTC,2024-09-26 08:59:46 UTC,0:36:27,,,,
428884374368,83f63207-578a-4a56-9a4c-054fe8966d7d,gZjDJPKUx1RstmPSIftLDxIQOAIIigIgABgECA,meet:meeting,ccp-qqoi-gwv,,thread_83f63207-578a-4a56-9a4c-054fe8966d7d,meet,,2024-09-26 05:31:59 UTC,2024-09-26 06:00:37 UTC,0:28:37,,,,
428884374368,757e4c6b-362a-4ff0-a03e-305529a0795a,iK4g_FJhfDyfeKbLlz98DxIUOAIIigIgABgECA,meet:meeting,gbg-acmq-pex,,thread_757e4c6b-362a-4ff0-a03e-305529a0795a,meet,,2024-09-25 05:02:00 UTC,2024-09-25 05:59:47 UTC,0:57:47,,,,
428884374368,67504750-1e88-487d-b7cf-c40a62b7957f,vysJhpz-zwcnoN7gYVrpDxIUOAIIigIgABgECA,meet:meeting,eqo-thzi-ftv,,thread_67504750-1e88-487d-b7cf-c40a62b7957f,meet,,2024-09-24 05:00:53 UTC,2024-09-24 05:34:00 UTC,0:33:07,,,,
428884374368,dec38a58-aa68-48c3-bea6-3e2ad5e0909c,c-OJUxNftVvWPmtQdo-6DxIQOAIIigIgABgECA,meet:meeting,yts-drwo-wkw,,thread_dec38a58-aa68-48c3-bea6-3e2ad5e0909c,meet,,2024-09-19 06:01:53 UTC,2024-09-19 06:44:15 UTC,0:42:21,,,,
428884374368,2151197a-1db8-4bd4-a625-b8bdf76a497b,V3SB3lYaNE0s7QFPpMQVDxIUOAIIigIgABgECA,meet:meeting,gbg-acmq-pex,,thread_2151197a-1db8-4bd4-a625-b8bdf76a497b,meet,,2024-09-18 05:03:11 UTC,2024-09-18 05:38:19 UTC,0:35:08,,,,
428884374368,ebc5e01e-be27-4770-8f9a-28e23976a862,o4CACcb3M3I9vT-nGeCCDxIYOAIIigIgABgECA,meet:meeting,qfn-abug-ket,,thread_ebc5e01e-be27-4770-8f9a-28e23976a862,meet,,2024-09-17 07:00:48 UTC,2024-09-17 08:01:05 UTC,1:00:16,,,,
428884374368,a504e1bd-d30b-4e24-8d8d-44396f9d8572,xMfFQlC8MHjjMcLFbO5vDxIUOAIIigIgABgECA,meet:meeting,eqo-thzi-ftv,,thread_a504e1bd-d30b-4e24-8d8d-44396f9d8572,meet,,2024-09-17 05:01:25 UTC,2024-09-17 05:34:18 UTC,0:32:53,,,,
428884374368,1acfa2b8-5785-4bbb-90d5-6f3aa8b9e687,I2EpW51iE4dPLHiC-x86DxIQOAIIigIgABgECA,meet:meeting,yts-drwo-wkw,,thread_1acfa2b8-5785-4bbb-90d5-6f3aa8b9e687,meet,,2024-09-12 06:02:01 UTC,2024-09-12 07:05:15 UTC,1:03:13,,,,
428884374368,afd3f695-d0b3-44c8-8016-53ae06b7cc93,fbMu7tudFxjD0Z10OCbrDxIQOAIIigIgABgECA,meet:meeting,irm-ahce-bky,,thread_afd3f695-d0b3-44c8-8016-53ae06b7cc93,meet,,2024-09-11 07:01:49 UTC,2024-09-11 08:11:40 UTC,1:09:51,,,,
428884374368,72935485-b64b-4211-9302-73a5e0750a25,oooXIZwtjuKh_GPqNJ70DxIUOAIIigIgABgECA,meet:meeting,gbg-acmq-pex,,thread_72935485-b64b-4211-9302-73a5e0750a25,meet,,2024-09-11 05:01:06 UTC,2024-09-11 05:51:06 UTC,0:49:59,,,,
428884374368,cad36f2e-3e08-4739-8d1b-41c7e8c8c0fb,bRs-LL_l0QXXK_8gUUx1DxIYOAIIigIgABgECA,meet:meeting,tnc-zztm-wiq,,thread_cad36f2e-3e08-4739-8d1b-41c7e8c8c0fb,meet,,2024-09-11 02:31:18 UTC,2024-09-11 03:12:49 UTC,0:41:31,,,,
428884374368,b4ae3768-641e-4824-8319-a1a1adf8972f,VA8qu4CyQIlmhMhLVTGdDxIWOAIIigIgABgECA,meet:meeting,ykq-qqie-rpi,,thread_b4ae3768-641e-4824-8319-a1a1adf8972f,meet,,2024-09-09 08:01:34 UTC,2024-09-09 08:17:36 UTC,0:16:01,,,,
428884374368,941d3a2a-19f6-452e-a6f6-ae603cc99180,j_z_xFsVo5fYV-rI0ZzoDxIVOAIIigIgABgECA,meet:meeting,geg-ymcf-tdj,,thread_941d3a2a-19f6-452e-a6f6-ae603cc99180,meet,,2024-09-09 05:01:33 UTC,2024-09-09 05:28:44 UTC,0:27:11,,,,
428884374368,795c5452-ff70-4659-a5cd-39d6950d8abc,InTik97pTzS0BPw7Mt8fDxIUOAIIigIgABgECA,meet:meeting,ebv-rasb-quj,,thread_795c5452-ff70-4659-a5cd-39d6950d8abc,meet,,2024-09-09 03:01:37 UTC,2024-09-09 03:40:27 UTC,0:38:50,,,,
428884374368,0784e17c-ed53-4243-aacd-7dc9946cd594,rYgQEG__fJoAYBfsovRnDxIQOAIIigIgABgECA,meet:meeting,eta-pwgp-foe,,thread_0784e17c-ed53-4243-aacd-7dc9946cd594,meet,,2024-09-06 08:01:59 UTC,2024-09-06 09:13:06 UTC,1:11:07,,,,
428884374368,7942a9ef-d266-4f5a-86ff-bd700c3da31e,QovpSf2eOWqetg_qmvU0DxIQOAIIigIgABgECA,meet:meeting,yts-drwo-wkw,,thread_7942a9ef-d266-4f5a-86ff-bd700c3da31e,meet,,2024-09-05 05:59:23 UTC,2024-09-05 07:01:23 UTC,1:02:00,,,,
428884374368,23e571c3-8d35-4fc4-804a-b799d4665308,0BdGROqMGtYNJ4nxGIcjDxISOAIIigIgABgECA,meet:meeting,bhq-awjn-bgi,,thread_23e571c3-8d35-4fc4-804a-b799d4665308,meet,,2024-09-04 05:38:39 UTC,2024-09-04 05:43:47 UTC,0:05:07,,,,
428884374368,0775e401-31eb-4264-a8b5-d49271a34e67,Q1uiwOLPIOYGMKcDC4T2DxIUOAIIigIgABgECA,meet:meeting,gbg-acmq-pex,,thread_0775e401-31eb-4264-a8b5-d49271a34e67,meet,,2024-09-04 05:01:26 UTC,2024-09-04 05:35:36 UTC,0:34:10,,,,
428884374368,8aae82bf-ed4d-4c41-80dd-385ecd0d5705,17rR3xX8afeheUIHQfenDxIVOAIIigIgABgECA,meet:meeting,geg-ymcf-tdj,,thread_8aae82bf-ed4d-4c41-80dd-385ecd0d5705,meet,,2024-09-02 05:01:59 UTC,2024-09-02 05:20:34 UTC,0:18:35,,,,
428884374368,f125f815-1230-4f11-b9de-9416c6edcdb7,oQs-nFpWIm2UZXeo1P-9DxIUOAIIigIgABgECA,meet:meeting,ebv-rasb-quj,,thread_f125f815-1230-4f11-b9de-9416c6edcdb7,meet,,2024-09-02 03:01:01 UTC,2024-09-02 03:32:04 UTC,0:31:02,,,,
428884374368,718da488-3d13-4685-b6e0-1880a801278e,pXiB7f01CBMKTayIUylrDxIQOAIIigIgABgECA,meet:meeting,yts-drwo-wkw,,thread_718da488-3d13-4685-b6e0-1880a801278e,meet,,2024-08-29 06:30:27 UTC,2024-08-29 08:00:37 UTC,1:28:39,,,,
428884374368,ae9e35b3-5470-486c-af79-27fec77c14fd,Br1yHuEZ7ibkshjrxBD8DxISOAIIigIgABgECA,meet:meeting,toe-wsfs-dbb,,thread_ae9e35b3-5470-486c-af79-27fec77c14fd,meet,,2024-08-28 05:52:12 UTC,2024-08-28 05:53:57 UTC,0:01:44,,,,
428884374368,a0d02a64-43d8-4220-8235-96f745ccac05,Bu76A2Rrk_iJPtYEGAVkDxIUOAIIigIgABgECA,meet:meeting,gbg-acmq-pex,,thread_a0d02a64-43d8-4220-8235-96f745ccac05,meet,,2024-08-28 05:01:32 UTC,2024-08-28 05:51:30 UTC,0:49:58,,,,
428884374368,adecbc83-27df-4069-a7e2-3728a0c930b0,PVkTe6fwOpL3mcCHvitXDxIVOAIIigIgABgECA,meet:meeting,geg-ymcf-tdj,,thread_adecbc83-27df-4069-a7e2-3728a0c930b0,meet,,2024-08-26 05:01:36 UTC,2024-08-26 05:21:31 UTC,0:19:37,,,,
428884374368,abec2593-a640-4fda-8a90-17f618c860b8,agA8GHBgCIP10iEYnmBKDxIUOAIIigIgABgECA,meet:meeting,ebv-rasb-quj,,thread_abec2593-a640-4fda-8a90-17f618c860b8,meet,,2024-08-26 03:01:36 UTC,2024-08-26 03:53:18 UTC,0:51:41,,,,
428884374368,fb3f7f74-171b-4d07-8ae0-8556a70b1ee3,mWrRW3BCK1g4Dj4usV3FDxIQOAIIigIgABgECA,meet:meeting,yts-drwo-wkw,,thread_fb3f7f74-171b-4d07-8ae0-8556a70b1ee3,meet,,2024-08-22 05:59:34 UTC,2024-08-22 06:53:56 UTC,0:54:21,,,,
428884374368,c54fde50-cd76-456e-897b-54b708f77e09,Qiatyvf1LQxG_eaNU5EWDxIQOAIIigIgABgECA,meet:meeting,gwu-wrtp-hrt,,thread_c54fde50-cd76-456e-897b-54b708f77e09,meet,,2024-08-21 07:00:56 UTC,2024-08-21 08:00:50 UTC,0:59:53,,,,
428884374368,f2c1487b-b70f-4ead-a078-71200b12da3d,_X5EgjQhwtx1goyH6g6RDxISOAIIigIgABgECA,meet:meeting,ags-dbos-vsu,,thread_f2c1487b-b70f-4ead-a078-71200b12da3d,meet,,2024-08-21 05:49:14 UTC,2024-08-21 05:54:38 UTC,0:05:23,,,,
428884374368,d42699b1-a4a4-4cb8-a202-f79c3d8b57c0,ZD0nTExbzrI41FhIMrDFDxIUOAIIigIgABgECA,meet:meeting,gbg-acmq-pex,,thread_d42699b1-a4a4-4cb8-a202-f79c3d8b57c0,meet,,2024-08-21 05:01:43 UTC,2024-08-21 05:47:36 UTC,0:45:53,,,,
428884374368,5daa429d-3849-4362-b22b-57c25eac0cdb,FXK3DCJzJrBoGYGpYgBUDxIUOAIIigIgABgECA,meet:meeting,eqo-thzi-ftv,,thread_5daa429d-3849-4362-b22b-57c25eac0cdb,meet,,2024-08-20 05:00:59 UTC,2024-08-20 05:47:37 UTC,0:46:38,,,,
428884374368,2e052fba-6ed9-4ba3-b38b-c7bb4b91adfa,YFRmv0t8ZMwGoWwR6nAIDxIVOAIIigIgABgECA,meet:meeting,pgp-gbgm-gux,,thread_2e052fba-6ed9-4ba3-b38b-c7bb4b91adfa,meet,,2024-08-19 06:01:00 UTC,2024-08-19 07:01:29 UTC,1:00:28,,,,
428884374368,c819fb37-6117-43bf-9779-51b75d892b35,8A1V90gMxbv2HfemSzVmDxIVOAIIigIgABgECA,meet:meeting,geg-ymcf-tdj,,thread_c819fb37-6117-43bf-9779-51b75d892b35,meet,,2024-08-19 05:02:05 UTC,2024-08-19 05:27:03 UTC,0:24:57,,,,
428884374368,96f2c64e-3189-49a1-b609-a05a137a03a4,4Qh0dCei3NI153UxfwZJDxIQOAgBMgUIigIgABgECA,meet:meeting,yts-drwo-wkw,,thread_96f2c64e-3189-49a1-b609-a05a137a03a4,meet,,2024-08-08 06:02:18 UTC,2024-08-08 06:46:21 UTC,0:44:02,,,,
428884374368,e7e23575-9028-4da2-9704-0372b0f8c484,IndTa0XMgCV6RYX9zcAbDxIUOAgBMgUIigIgABgECA,meet:meeting,gbg-acmq-pex,,thread_e7e23575-9028-4da2-9704-0372b0f8c484,meet,,2024-08-07 08:17:37 UTC,2024-08-07 09:07:38 UTC,0:50:00,,,,
428884374368,cd364304-5b93-4681-a00e-37be196fa78f,VhpFA-qbAUoFrYdQu5iXDxIQOAgBMgUIigIgABgECA,meet:meeting,srj-gtfj-swp,,thread_cd364304-5b93-4681-a00e-37be196fa78f,meet,,2024-08-07 08:01:12 UTC,2024-08-07 08:15:53 UTC,0:14:40,,,,
428884374368,9c648410-1737-43e4-a678-837f58dc59ca,nJZUXYbo41IZShRO5P5WDxIQOAgBMgUIigIgABgECA,meet:meeting,jwc-wweu-pgv,,thread_9c648410-1737-43e4-a678-837f58dc59ca,meet,,2024-08-07 02:03:44 UTC,2024-08-07 02:16:03 UTC,0:12:19,,,,
428884374368,3a851684-f9ee-4b33-96b3-dab76b1d44aa,qmvj395M4V_CfjtV4PE1DxIQOAgBMgUIigIgABgECA,meet:meeting,apq-bxcv-zpu,,thread_3a851684-f9ee-4b33-96b3-dab76b1d44aa,meet,,2024-08-06 09:06:20 UTC,2024-08-06 09:26:56 UTC,0:20:36,,,,
428884374368,0229a9a7-3575-4799-9a01-4d3628aae71f,7H976NbaoZrYc0bn79FUDxIVOAgBMgUIigIgABgECA,meet:meeting,geg-ymcf-tdj,,thread_0229a9a7-3575-4799-9a01-4d3628aae71f,meet,,2024-08-05 05:00:59 UTC,2024-08-05 06:02:11 UTC,1:01:12,,,,
428884374368,6da17591-9e0f-4bb9-afc2-bc1b6f53f07f,ZIboqtV7n_6cT-QEce8fDxIUOAgBMgUIigIgABgECA,meet:meeting,ebv-rasb-quj,,thread_6da17591-9e0f-4bb9-afc2-bc1b6f53f07f,meet,,2024-08-05 03:00:53 UTC,2024-08-05 03:33:54 UTC,0:33:00,,,,
428884374368,f3f13453-90b6-498a-8e6c-b84aba4901c9,64dlvzoo1271ayLUoc1rDxIQOAgBMgUIigIgABgECA,meet:meeting,ysr-dyvf-nmz,,thread_f3f13453-90b6-498a-8e6c-b84aba4901c9,meet,,2024-08-02 09:40:40 UTC,2024-08-02 10:02:10 UTC,0:21:30,,,,
428884374368,cba2c60a-36d8-4906-b9e5-a24b8369206a,GiFqgQvdK6hDkGLMF4mqDxIVOAgBMgUIigIgABgECA,meet:meeting,geg-ymcf-tdj,,thread_cba2c60a-36d8-4906-b9e5-a24b8369206a,meet,,2024-07-29 05:01:51 UTC,2024-07-29 05:29:16 UTC,0:27:24,,,,
428884374368,8260fb81-ca4f-41ea-986a-5b62b7104751,K59IhA0DPMW93xNOAiz3DxIUOAgBMgUIigIgABgECA,meet:meeting,ebv-rasb-quj,,thread_8260fb81-ca4f-41ea-986a-5b62b7104751,meet,,2024-07-29 03:01:29 UTC,2024-07-29 03:25:31 UTC,0:24:01,,,,
428884374368,3b2e02f8-83ad-449a-b2e3-dd49f571025c,BKqG7skZG0guH0X4JD5jDxIQOAgBMgUIigIgABgECA,meet:meeting,juf-sqbt-uji,,thread_3b2e02f8-83ad-449a-b2e3-dd49f571025c,meet,,2024-07-25 07:02:36 UTC,2024-07-25 08:00:14 UTC,0:57:37,,,,
428884374368,7a3899f1-9075-48e3-b8fc-7d101766f189,gC4kFmmhuIeRW9HX69gODxIQOAgBMgUIigIgABgECA,meet:meeting,yts-drwo-wkw,,thread_7a3899f1-9075-48e3-b8fc-7d101766f189,meet,,2024-07-25 06:01:00 UTC,2024-07-25 07:00:30 UTC,0:59:30,,,,
428884374368,2c75a4e2-d353-47b0-ad6f-b2a14e4214e0, -HpgSPnUcqtq3taxprBmDxIUOAgBMgUIigIgABgECA,meet:meeting,gbg-acmq-pex,,thread_2c75a4e2-d353-47b0-ad6f-b2a14e4214e0,meet,,2024-07-24 05:00:59 UTC,2024-07-24 05:47:50 UTC,0:46:51,,,,
428884374368,0f964497-0d02-43fc-a1e4-18eb282434a0,JpR_Vu37IDq9c-x2w1oTDxIVOAoIAjIGCIoCIAAYBAg,meet:meeting,rhx-nzvh-nac,,thread_0f964497-0d02-43fc-a1e4-18eb282434a0,meet,,2024-07-22 05:02:56 UTC,2024-07-22 05:37:15 UTC,0:34:19,,,,
428884374368,de339d71-5772-43f8-a7f5-8599e27e58b4,FV75394ZSsnVGalutSkADxIUOAoIAjIGCIoCIAAYBAg,meet:meeting,ebv-rasb-quj,,thread_de339d71-5772-43f8-a7f5-8599e27e58b4,meet,,2024-07-22 03:01:02 UTC,2024-07-22 03:13:13 UTC,0:12:11,,,,
428884374368,c5000a7a-2b06-4100-a995-7bd76a7eebee,ZXeoW6kEWYo5cYkbD-6QDxIQOAoIAjIGCIoCIAAYBAg,meet:meeting,yts-drwo-wkw,,thread_c5000a7a-2b06-4100-a995-7bd76a7eebee,meet,,2024-07-18 06:01:17 UTC,2024-07-18 07:00:12 UTC,0:58:55,,,,
428884374368,689452cf-c532-491d-b841-fbed624f1dc7,cSQJqC27dL2b4h1uAArqDxIWOAoIAjIGCIoCIAQI,meet:meeting,gbg-acmq-pex,,thread_689452cf-c532-491d-b841-fbed624f1dc7,meet,,2024-07-17 05:08:37 UTC,2024-07-17 05:55:30 UTC,0:46:52,,,,
428884374368,29904727-60d2-485a-80c0-fd471bc6d337,PkFUhxg_756iUML-CzcqDxIPOAoIAjIGCIoCIAQI,meet:meeting,yts-drwo-wkw,,thread_29904727-60d2-485a-80c0-fd471bc6d337,meet,,2024-07-11 05:59:26 UTC,2024-07-11 06:59:56 UTC,1:00:30,,,,
428884374368,c9f6be7f-762d-4a9b-aeff-d02b540735b4,Qe9xRwxNjnsSqqsHtNHeDxIPOAoIAjIGCIoCIAQI,meet:meeting,gdj-qzky-mqn,,thread_c9f6be7f-762d-4a9b-aeff-d02b540735b4,meet,,2024-07-11 05:00:14 UTC,2024-07-11 05:00:17 UTC,0:00:03,,,,
428884374368,03f9f6ef-12ac-4ed8-ae72-caff06b113b7,HzyNNcPmFo-lboyUtkVaDxIOOAoIAjIGCIoCIAQI,meet:meeting,gbg-acmq-pex,,thread_03f9f6ef-12ac-4ed8-ae72-caff06b113b7,meet,,2024-07-10 05:01:25 UTC,2024-07-10 05:56:51 UTC,0:55:25,,,,
428884374368,966a8487-4e9d-48c8-82a1-39d4a1633acd,S3fWxF8JP7txQYOh-s0_DxIYOAoIAjIGCIoCIAQI,meet:meeting,yij-ykdq-vqr,,thread_966a8487-4e9d-48c8-82a1-39d4a1633acd,meet,,2024-07-09 03:30:45 UTC,2024-07-09 03:58:07 UTC,0:27:22,,,,
428884374368,6322266a-8b2f-4dfd-83f8-993701963026,rS8wDpWLzGmNiTbRXYE2DxIQOAoIAjIGCIoCIAQI,meet:meeting,fga-pxgy-cvt,,thread_6322266a-8b2f-4dfd-83f8-993701963026,meet,,2024-07-08 07:01:44 UTC,2024-07-08 07:29:00 UTC,0:27:16,,,,
428884374368,4d7e1be3-231b-40d3-aa2c-0d672e02aca9,KHnQi18Vctw9ZNTBdnEODxIPOAoIAjIGCIoCIAQI,meet:meeting,yts-drwo-wkw,,thread_4d7e1be3-231b-40d3-aa2c-0d672e02aca9,meet,,2024-07-04 06:01:27 UTC,2024-07-04 06:59:22 UTC,0:57:54,,,,
428884374368,68fd71fc-db50-428c-854c-dc1fc42d32f2,iq3kKyfSDRbnzGUNg2-0DxIPOAoIAjIGCIoCIAQI,meet:meeting,gbg-acmq-pex,,thread_68fd71fc-db50-428c-854c-dc1fc42d32f2,meet,,2024-07-03 05:00:47 UTC,2024-07-03 05:59:46 UTC,0:58:59,,,,
428884374368,9ced9194-10b9-4b4c-acd8-65c8936e760c,xyysJUAxj81YhhbJPSqqDxIROAoIAjIGCIoCIAQI,meet:meeting,hrb-wkuj-zka,,thread_9ced9194-10b9-4b4c-acd8-65c8936e760c,meet,,2024-06-28 07:02:00 UTC,2024-06-28 07:45:53 UTC,0:43:53,,,,
428884374368,ab60994d-99dd-43da-9414-7be82561ec4e,iO3Ra0SQSwaQvOwPcJpQDxIOOAoIAjIGCIoCIAQI,meet:meeting,yts-drwo-wkw,,thread_ab60994d-99dd-43da-9414-7be82561ec4e,meet,,2024-06-27 08:01:28 UTC,2024-06-27 09:00:02 UTC,0:58:33,,,,
428884374368,f14321a0-d5f5-40b4-91fe-342e5e082871,MvX1i0O0TQV0Rs09dgWMDxIOOAoIAjIGCIoCIAQI,meet:meeting,gbg-acmq-pex,,thread_f14321a0-d5f5-40b4-91fe-342e5e082871,meet,,2024-06-26 05:02:54 UTC,2024-06-26 06:00:38 UTC,0:57:36,,,,
428884374368,3f4d1a9c-8e27-4079-90fb-47ae8798e673,gOchST4e3mbf5S68i79uDxIOOAgBMgUIigIgBAg,meet:meeting,yts-drwo-wkw,,thread_3f4d1a9c-8e27-4079-90fb-47ae8798e673,meet,,2024-06-20 06:01:13 UTC,2024-06-20 07:02:26 UTC,1:01:13,,,,
428884374368,5d9b6324-f764-4d47-b042-4fb8c11fe46d,uTmt6mexDy5EWQEkcCuUDxIUOAgBMgUIigIgBAg,meet:meeting,pro-bppy-hiu,,thread_5d9b6324-f764-4d47-b042-4fb8c11fe46d,meet,,2024-06-19 05:59:56 UTC,2024-06-19 06:33:40 UTC,0:33:44,,,,
428884374368,7202a7ed-d69b-480b-8d06-f6416db13cb7,WmJTJ_gYkdowo9AGsOurDxIOOAgBMgUIigIgBAg,meet:meeting,gbg-acmq-pex,,thread_7202a7ed-d69b-480b-8d06-f6416db13cb7,meet,,2024-06-19 05:00:56 UTC,2024-06-19 05:36:23 UTC,0:35:26,,,,
428884374368,8d4563fd-5801-4694-8919-1e0424107ff3,ZB1CsGcPf9vPEPrw2BSeDxITOAgBMgUIigIgBAg,meet:meeting,hmy-zmem-xff,,thread_8d4563fd-5801-4694-8919-1e0424107ff3,meet,,2024-06-14 06:30:33 UTC,2024-06-14 06:46:31 UTC,0:15:57,,,,
428884374368,39e77296-59ed-4f88-9bcf-c5bcf9b89764,73y0fVG4xQtviAuNhmshDxIOOAgBMgUIigIgBAg,meet:meeting,yts-drwo-wkw,,thread_39e77296-59ed-4f88-9bcf-c5bcf9b89764,meet,,2024-06-13 06:01:02 UTC,2024-06-13 06:58:37 UTC,0:57:34,,,,
428884374368,012bbebf-d8a5-4143-acf0-8195b9acd374,FyNo8OUaUwdz2R5PQKKeDxIOOAgBMgUIigIgBAg,meet:meeting,gbg-acmq-pex,,thread_012bbebf-d8a5-4143-acf0-8195b9acd374,meet,,2024-06-12 05:16:37 UTC,2024-06-12 05:53:14 UTC,0:36:36,,,,
428884374368,4b7d450c-bd2a-4104-93c9-95cf21b36142,uljuCAvIrBuJOfuO9JC4DxITOAgBMgUIigIgBAg,meet:meeting,hth-efix-wud,,thread_4b7d450c-bd2a-4104-93c9-95cf21b36142,meet,,2024-06-11 06:01:12 UTC,2024-06-11 06:38:08 UTC,0:36:56,,,,
428884374368,988ed7f6-c198-47bf-8424-9b247ae37eea,DIloeiDlHh6Hwm33eFEZDxIPOAgBMgUIigIgBAg,meet:meeting,yts-drwo-wkw,,thread_988ed7f6-c198-47bf-8424-9b247ae37eea,meet,,2024-06-07 08:01:11 UTC,2024-06-07 08:59:16 UTC,0:58:05,,,,
428884374368,788ef9ee-690e-4bfb-98f0-94d1aac93438,J6YUYWJ-RGU7uy8E6-TVDxIOOAgBMgUIigIgBAg,meet:meeting,gbg-acmq-pex,,thread_788ef9ee-690e-4bfb-98f0-94d1aac93438,meet,,2024-06-05 05:16:04 UTC,2024-06-05 05:56:58 UTC,0:40:54,,,,
428884374368,64e68492-7945-4156-aaa5-be2b9f89d502,xhZUnK3iJPfD8kzd5aIYDxISOAgBMgUIigIgBAg,meet:meeting,niu-tbnj-fvp,,thread_64e68492-7945-4156-aaa5-be2b9f89d502,meet,,2024-06-03 02:30:50 UTC,2024-06-03 02:46:16 UTC,0:15:25,,,,
428884374368,42f96053-5fa7-40e9-a887-58b443f8e8f2,QYWgvOgog_D7eCnJdJD5DxIWOAgBMgUIigIgBAg,meet:meeting,znd-gjvf-tqs,,thread_42f96053-5fa7-40e9-a887-58b443f8e8f2,meet,,2024-05-31 07:30:56 UTC,2024-05-31 08:03:09 UTC,0:32:12,,,,
428884374368,1f197e0b-b0d5-4cb3-a5d6-d627b248629a,r4bjHEmmF7nIrT-k6RVBDxIPOAgBMgUIigIgBAg,meet:meeting,yts-drwo-wkw,,thread_1f197e0b-b0d5-4cb3-a5d6-d627b248629a,meet,,2024-05-30 08:01:14 UTC,2024-05-30 09:02:18 UTC,1:01:04,,,,
428884374368,7f308c5e-6380-423b-9c89-96851e16ea8c,CXxc7j3A8RZzCcWh0pG9DxIPOAkIAjIGCIoCIAQI,meet:meeting,gbg-acmq-pex,,thread_7f308c5e-6380-423b-9c89-96851e16ea8c,meet,,2024-05-29 05:01:23 UTC,2024-05-29 06:00:23 UTC,0:59:00,,,,
428884374368,d09c5b99-efe2-4505-844c-ac3baf22bbac,9D31rWQNhnNw9mDidQ94DxIPOAkIAjIGCIoCIAQI,meet:meeting,yts-drwo-wkw,,thread_d09c5b99-efe2-4505-844c-ac3baf22bbac,meet,,2024-05-23 06:01:27 UTC,2024-05-23 06:59:20 UTC,0:57:52,,,,
428884374368,71347206-bbf1-4b12-ad89-87f98343d3f7,K6HDZdrkP0hCsGuwirg-DxIPOAkIAjIGCIoCIAQI,meet:meeting,gbg-acmq-pex,,thread_71347206-bbf1-4b12-ad89-87f98343d3f7,meet,,2024-05-22 05:00:59 UTC,2024-05-22 05:47:17 UTC,0:46:18,,,,
428884374368,e426880a-e3e2-479f-ab86-453199cac265,mcAOPB0AzACl2dQBsTGaDxIOOAkIAjIGCIoCIAQI,meet:meeting,yts-drwo-wkw,,thread_e426880a-e3e2-479f-ab86-453199cac265,meet,,2024-05-16 05:59:06 UTC,2024-05-16 07:00:04 UTC,1:00:58,,,,
428884374368,acd10c68-9b79-4538-babf-6f62763e52c5,knLmvOEpXgaEvrO4xAltDxIOOAkIAjIGCIoCIAQI,meet:meeting,gdj-qzky-mqn,,thread_acd10c68-9b79-4538-babf-6f62763e52c5,meet,,2024-05-16 04:59:53 UTC,2024-05-16 05:01:29 UTC,0:01:36,,,,
428884374368,7d0ab21c-88e2-409d-af59-3fdc40ceeb19,U0p230383NSzdkgZdgJ3DxITOAkIAjIGCIoCIAQI,meet:meeting,jtc-jcmn-vur,,thread_7d0ab21c-88e2-409d-af59-3fdc40ceeb19,meet,,2024-05-13 05:02:42 UTC,2024-05-13 05:44:28 UTC,0:41:45,,,,
428884374368,bf896fef-61b0-42ac-82cc-c88d96ea62e9,47Uoe-HjZsCopKSChg8TDxIPOAkIAjIGCIoCIAQI,meet:meeting,yts-drwo-wkw,,thread_bf896fef-61b0-42ac-82cc-c88d96ea62e9,meet,,2024-05-09 06:01:22 UTC,2024-05-09 06:25:05 UTC,0:23:43,,,,
428884374368,42e8b17b-d301-4ceb-b5d5-513accb1e839,CdKdhvB6mXIEA6gtVsR5DxIOOAkIAjIGCIoCIAQI,meet:meeting,gbg-acmq-pex,,thread_42e8b17b-d301-4ceb-b5d5-513accb1e839,meet,,2024-05-08 05:02:17 UTC,2024-05-08 05:13:42 UTC,0:11:25,,,,
428884374368,90d5f30e-51fe-4397-be05-5d695b7529b3,fjvQ09S2ibpPbtNilP5SDxIVOAkIAjIAGAgIigIgBAg,meet:meeting,zau-trmh-ikm,,thread_90d5f30e-51fe-4397-be05-5d695b7529b3,meet,,2024-04-30 05:30:51 UTC,2024-04-30 05:57:28 UTC,0:26:37,,,,
428884374368,e71a880d-75aa-43b9-8c38-71302a8011e5,axx8HShLAIy_6Wpk-tPfDxIVOAkIAjIAGAgIigIgBAg,meet:meeting,gxt-xnhq-jdp,,thread_e71a880d-75aa-43b9-8c38-71302a8011e5,meet,,2024-04-25 06:01:02 UTC,2024-04-25 06:37:40 UTC,0:36:38,,,,
428884374368,cba80a3f-1587-4239-86e0-db860de074dd, -ExERgPQOS7aarWhrup2DxIUOAkIAjIAGAgIigIgBAg,meet:meeting,cui-yari-ouu,,thread_cba80a3f-1587-4239-86e0-db860de074dd,meet,,2024-04-23 07:01:45 UTC,2024-04-23 07:29:54 UTC,0:28:09,,,,
428884374368,5416b614-1833-43d4-afb6-3329229c665b,4eI4x5BaDKVfrCaBqtFnDxIVOAkIAjIAGAgIigIgBAg,meet:meeting,fhh-eekf-skt,,thread_5416b614-1833-43d4-afb6-3329229c665b,meet,,2024-04-15 05:40:26 UTC,2024-04-15 05:56:09 UTC,0:15:42,,,,
428884374368,3c78013b-bffc-4def-9c91-2861e45d5bcf,P39LwdhlAyRDo4YgSxRxDxIVOAkIAjIAGAgIigIgBAg,meet:meeting,gxt-xnhq-jdp,,thread_3c78013b-bffc-4def-9c91-2861e45d5bcf,meet,,2024-04-11 09:01:35 UTC,2024-04-11 09:40:26 UTC,0:38:50,,,,
428884374368,c9dc66cc-7431-42e0-8d26-69aa00cd1cda,kGx0rrN_SzPYqYwH33bGDxIXOAkIAjIAGAgIigIgBAg,meet:meeting,xkg-pxwz-ryz,,thread_c9dc66cc-7431-42e0-8d26-69aa00cd1cda,meet,,2024-04-04 08:02:05 UTC,2024-04-04 08:31:25 UTC,0:29:19,,,,
428884374368,c402aa41-2106-4ad9-acf3-6b359cf3f37a,Pb_rgK5vDUfVnsPFqkmvDxIVOAkIAjIAGAgIigIgBAg,meet:meeting,gxt-xnhq-jdp,,thread_c402aa41-2106-4ad9-acf3-6b359cf3f37a,meet,,2024-04-04 06:02:07 UTC,2024-04-04 07:00:20 UTC,0:58:13,,,,
428884374368,02e1479e-cd70-4079-8805-55521d6bc098,Z6sd8Z2GiGrrSj7rWaQPDxITOAkIAjIAGAgIigIgBAg,meet:meeting,rbj-mcdh-jzp,,thread_02e1479e-cd70-4079-8805-55521d6bc098,meet,,2024-04-02 10:18:12 UTC,2024-04-02 10:20:18 UTC,0:02:05,,,,
428884374368,8d1cc295-879b-4998-9c6b-edfef8b31f99,WCDcLH4_yHR0sJ9llMlKDxIYOAkIAjIAGAgIigIgBAg,meet:meeting,qkj-rhav-kgk,,thread_8d1cc295-879b-4998-9c6b-edfef8b31f99,meet,,2024-03-29 05:00:49 UTC,2024-03-29 05:28:27 UTC,0:27:37,,,,
428884374368,3f07cd60-7cf0-47ad-8454-f76d94f6f1fa,ypMjJnm5d65yzg4IkkE5DxIOOAkIAjIAGAgIigIgBAg,meet:meeting,gbg-acmq-pex,,thread_3f07cd60-7cf0-47ad-8454-f76d94f6f1fa,meet,,2024-03-27 05:02:24 UTC,2024-03-27 05:47:34 UTC,0:45:10,,,,
428884374368,281db68c-e127-4f7d-a50e-1d94c7159d6f,qbzrDtm-6TI3L9mXdPF9DxIYOAkIAjIAGAgIigIgBAg,meet:meeting,rtj-qaja-zhs,,thread_281db68c-e127-4f7d-a50e-1d94c7159d6f,meet,,2024-03-22 02:36:36 UTC,2024-03-22 03:02:03 UTC,0:25:26,,,,
428884374368,cbdd7c53-be2c-498a-ac5c-88d68d9724c2,aJzzT0X9ux8Bq_aIG_lEDxIVOAkIAjIAGAgIigIgBAg,meet:meeting,aug-nihn-dji,,thread_cbdd7c53-be2c-498a-ac5c-88d68d9724c2,meet,,2024-03-21 02:31:04 UTC,2024-03-21 03:03:30 UTC,0:32:26,,,,
428884374368,3c9ebf8e-3908-444b-9370-c76953d1c847,prY3tAeunxBRe_FQTTNwDxIOOAkIAjIAGAgIigIgBAg,meet:meeting,gak-rwxh-nnz,,thread_3c9ebf8e-3908-444b-9370-c76953d1c847,meet,,2024-03-19 06:01:26 UTC,2024-03-19 06:58:24 UTC,0:56:58,,,,
428884374368,b6a0cbff-38be-465e-a60f-5860e9c006d9,qrlXRo8hdWZdjGWkLWiNDxIVOAkIAjIAGAgIigIgBAg,meet:meeting,gxt-xnhq-jdp,,thread_b6a0cbff-38be-465e-a60f-5860e9c006d9,meet,,2024-03-14 06:01:32 UTC,2024-03-14 07:00:54 UTC,0:59:21,,,,
428884374368,d9042a15-b146-4b86-9a0e-b0708706d5bc,CPu2HL2yKegYgwddRVSkDxIOOAkIAjIAGAgIigIgBAg,meet:meeting,gbg-acmq-pex,,thread_d9042a15-b146-4b86-9a0e-b0708706d5bc,meet,,2024-03-13 05:00:43 UTC,2024-03-13 05:24:23 UTC,0:23:40,,,,
428884374368,575e1f35-41e9-40c9-b70e-331cef0b1431,vThw-XqfLop71qkeaWwhDxIVOAkIAjIAGAgIigIgBAg,meet:meeting,gxt-xnhq-jdp,,thread_575e1f35-41e9-40c9-b70e-331cef0b1431,meet,,2024-03-07 06:02:31 UTC,2024-03-07 07:00:35 UTC,0:58:03,,,,
428884374368,a0646619-3571-4e3f-a9db-98f5ce2e47b8,wn79_M_C31EhSeeO72oQDxIPOAkIAjIAGAgIigIgBAg,meet:meeting,gbg-acmq-pex,,thread_a0646619-3571-4e3f-a9db-98f5ce2e47b8,meet,,2024-03-06 05:01:51 UTC,2024-03-06 05:20:19 UTC,0:18:28,,,,
428884374368,f9a36abe-1c3a-4a71-95de-e04fad206116,73AbcgTjfVAmkBYsq4mWDxIVOAkIAjIAGAgIigIgBAg,meet:meeting,epu-zutk-uvz,,thread_f9a36abe-1c3a-4a71-95de-e04fad206116,meet,,2024-03-05 06:01:31 UTC,2024-03-05 06:53:18 UTC,0:51:46,,,,
